source,target
after_arousal,before_arousal
after_arousal,before_valence
after_arousal,length
after_arousal,sun
after_arousal,flow
after_arousal,speed
after_arousal,commute
after_arousal,occupants
after_arousal,weekend
after_arousal,braking
after_arousal,steering
after_arousal,sudden_events
after_valence,before_arousal
after_valence,before_valence
after_valence,length
after_valence,sun
after_valence,flow
after_valence,speed
after_valence,commute
after_valence,occupants
after_valence,weekend
after_valence,braking
after_valence,steering
after_valence,sudden_events
flow,before_arousal
speed,before_arousal
braking,before_arousal
steering,before_arousal
sudden_events,before_arousal
flow,before_valence
speed,before_valence
braking,before_valence
steering,before_valence
sudden_events,before_valence
before_arousal,sun
before_arousal,weekend
before_arousal,commute
before_arousal,flow
before_arousal,length
before_arousal,occupants
before_arousal,speed
before_valence,sun
before_valence,weekend
before_valence,commute
before_valence,flow
before_valence,length
before_valence,occupants
before_valence,speed
flow,sun
speed,commute
occupants,sun
braking,sun
steering,sun
sudden_events,sun
length,sun
speed,sun
occupants,before_arousal
braking,commute
steering,commute
sudden_events,commute
flow,length
speed,occupants
braking,length
steering,length
sudden_events,length
speed,length
occupants,before_arousal
braking,occupants
steering,occupants
sudden_events,occupants
speed,weekend
occupants,flow
braking,flow
steering,flow
sudden_events,flow
length,flow
speed,flow
occupants,weekend
braking,flow
steering,weekend
sudden_events,weekend
sun,weekend
commute,sun
commute,weekend
braking,weekend
flow,commute
flow,occupants
flow,weekend
length,commute
length,occupants
length,weekend
length,before_arousal
length,before_valence
weekend,sun
